Scenario,Nifty_Level,VIX_Level,Portfolio_PnL,Hedge_PnL,Net_PnL,Net_Return_%
Base Case,24500.0,14.5,0.0,-2549.0475164793834,-2549.0475164793834,-0.025490475164793837
Mild Bullish,24745.0,13.05,120000.0,-15899.55309347052,104100.44690652948,1.0410044690652949
Strong Bullish,25235.0,11.600000000000001,360000.0,-16180.99999721591,343819.0000027841,3.438190000027841
Mild Bearish,24255.0,15.950000000000001,-120000.0,48441.32088619012,-71558.67911380988,-0.7155867911380988
Strong Bearish,23765.0,18.85,-360000.0,92963.63810101355,-267036.36189898645,-2.6703636189898643
Black Swan,23275.0,29.0,-600000.0,93705.15583866299,-506294.844161337,-5.06294844161337
